wav_file,wav_path,start_time,end_time,duration_s,has_metar,n_adsb_pings,n_aircraft,aircraft_in_window
10.wav,C:\xcas-ga-comms-assistant\tartan_data\kbtp\2020\10\10-22-20_audio\10.wav,2020-10-22 13:48:27.691478,2020-10-22 13:51:18.216862,170.525384,False,237,3,"['EJM410', 'N410LG', 'N6886D']"
12.wav,C:\xcas-ga-comms-assistant\tartan_data\kbtp\2020\10\10-22-20_audio\12.wav,2020-10-22 14:07:39.231442,2020-10-22 14:22:39.740926,900.509484,False,1755,5,"['N1824H', 'N56987', 'N6683S', 'N92141', 'N990JB']"
13.wav,C:\xcas-ga-comms-assistant\tartan_data\kbtp\2020\10\10-22-20_audio\13.wav,2020-10-22 14:22:46.435089,2020-10-22 14:37:46.641410,900.206321,False,3090,11,"['FDY308', 'N40925', 'N53226', 'N56987', 'N645HA', 'N6683S', 'N819CM', 'N8275D', 'N92141', 'N9642F', 'RPA5605']"
14.wav,C:\xcas-ga-comms-assistant\tartan_data\kbtp\2020\10\10-22-20_audio\14.wav,2020-10-22 14:37:53.105339,2020-10-22 14:52:53.418489,900.31315,False,6529,16,"['EDV4678', 'N121HQ', 'N13337', 'N1452U', 'N177PM', 'N204JQ', 'N232PQ', 'N336Z', 'N43488', 'N53226', 'N56987', 'N600AL', 'N819CM', 'N8275D', 'N92141', 'RPA5605']"
15.wav,C:\xcas-ga-comms-assistant\tartan_data\kbtp\2020\10\10-22-20_audio\15.wav,2020-10-22 14:52:59.762546,2020-10-22 15:08:00.582346,900.8198,False,5415,14,"['N121HQ', 'N13337', 'N1452U', 'N177PM', 'N28MR', 'N336Z', 'N40925', 'N41548', 'N43488', 'N53226', 'N819CM', 'N92141', 'N98887', 'RPA4557']"
16.wav,C:\xcas-ga-comms-assistant\tartan_data\kbtp\2020\10\10-22-20_audio\16.wav,2020-10-22 15:08:07.120001,2020-10-22 15:23:08.059410,900.939409,False,5725,17,"['N13337', 'N1452U', 'N177PM', 'N191ND', 'N28MR', 'N3004F', 'N40925', 'N41548', 'N53226', 'N5991L', 'N819CM', 'N879UA', 'N92141', 'N93CF', 'PING95B2', 'SWA6770', 'UAL710']"
17.wav,C:\xcas-ga-comms-assistant\tartan_data\kbtp\2020\10\10-22-20_audio\17.wav,2020-10-22 15:23:14.663441,2020-10-22 15:29:30.928445,376.265004,False,1555,10,"['N1452U', 'N246PK', 'N3004F', 'N40925', 'N53226', 'N559QS', 'N803JA', 'N92141', 'N93CF', 'N984WU']"
18.wav,C:\xcas-ga-comms-assistant\tartan_data\kbtp\2020\10\10-22-20_audio\18.wav,2020-10-22 15:39:13.891967,2020-10-22 15:54:14.417195,900.525228,False,6589,22,"['AMF1029', 'FDY232', 'N128CE', 'N1452U', 'N191ND', 'N262ND', 'N318GB', 'N346AF', 'N41548', 'N43488', 'N445ME', 'N49PM', 'N53226', 'N567ND', 'N600HJ', 'N6886D', 'N819CM', 'N9539B', 'N984WU', 'N98887', 'NDU67', 'VFR']"
19.wav,C:\xcas-ga-comms-assistant\tartan_data\kbtp\2020\10\10-22-20_audio\19.wav,2020-10-22 15:54:20.945662,2020-10-22 16:09:21.790531,900.844869,False,9046,22,"['AMF1029', 'FDY307', 'MLN563', 'N111HQ', 'N13337', 'N1452U', 'N24TS', 'N262ND', 'N41548', 'N43488', 'N49PM', 'N53226', 'N560ES', 'N567ND', 'N600HJ', 'N6886D', 'N819CM', 'N92141', 'N9642F', 'N984WU', 'NDU67', 'VFR']"
20.wav,C:\xcas-ga-comms-assistant\tartan_data\kbtp\2020\10\10-22-20_audio\20.wav,2020-10-22 16:09:28.373036,2020-10-22 16:18:51.096213,562.723177,False,3573,13,"['FDY307', 'N24TS', 'N262ND', 'N391SC', 'N53226', 'N567ND', 'N600HJ', 'N819CM', 'N8275D', 'N8588B', 'N92141', 'NDU67', 'RPA5600']"
21.wav,C:\xcas-ga-comms-assistant\tartan_data\kbtp\2020\10\10-22-20_audio\21.wav,2020-10-22 16:21:45.924278,2020-10-22 16:36:46.800206,900.875928,False,4198,17,"['N2490M', 'N24TS', 'N262ND', 'N391SC', 'N4861L', 'N49PM', 'N567ND', 'N636RW', 'N751YX', 'N819CM', 'N8275D', 'N8588B', 'N92141', 'N9818B', 'NDU67', 'RPA3471', 'RPA3572']"
23.wav,C:\xcas-ga-comms-assistant\tartan_data\kbtp\2020\10\10-22-20_audio\23.wav,2020-10-22 16:52:00.790498,2020-10-22 17:07:01.434162,900.643664,False,5295,20,"['EDV5135', 'FDY233', 'N112GT', 'N13337', 'N1407X', 'N18287', 'N232PQ', 'N2485D', 'N24TS', 'N318GB', 'N3378X', 'N41548', 'N43488', 'N53226', 'N62104', 'N6683S', 'N819CM', 'N92141', 'N9642F', 'STEEL41']"
24.wav,C:\xcas-ga-comms-assistant\tartan_data\kbtp\2020\10\10-22-20_audio\24.wav,2020-10-22 17:07:07.883944,2020-10-22 17:14:34.575647,446.691703,False,2003,8,"['EDV5135', 'N1407X', 'N2485D', 'N41548', 'N43488', 'N62104', 'N6683S', 'N7667C']"
25.wav,C:\xcas-ga-comms-assistant\tartan_data\kbtp\2020\10\10-22-20_audio\25.wav,2020-10-22 17:16:35.098254,2020-10-22 17:31:35.813408,900.715154,False,5043,13,"['N2485D', 'N24TS', 'N35377', 'N41548', 'N43488', 'N445ME', 'N4491B', 'N53226', 'N62104', 'N819CM', 'N8893C', 'N92141', 'NDU67']"
26.wav,C:\xcas-ga-comms-assistant\tartan_data\kbtp\2020\10\10-22-20_audio\26.wav,2020-10-22 17:31:42.279994,2020-10-22 17:46:42.477737,900.197743,False,8714,24,"['BTQ875', 'C-FSFI', 'CFSFI', 'N111WG', 'N13337', 'N1452U', 'N24TS', 'N262ND', 'N35377', 'N391SC', 'N40WV', 'N41548', 'N43488', 'N4491B', 'N53226', 'N56987', 'N62104', 'N665H', 'N7667C', 'N819CM', 'N8893C', 'N891SP', 'N92141', 'N9818B']"
27.wav,C:\xcas-ga-comms-assistant\tartan_data\kbtp\2020\10\10-22-20_audio\27.wav,2020-10-22 17:46:49.211136,2020-10-22 18:01:49.703084,900.491948,False,5290,19,"['BTQ875', 'FDY234', 'N1078U', 'N13337', 'N191ND', 'N35377', 'N391SC', 'N41548', 'N56987', 'N665H', 'N710ML', 'N7667C', 'N819CM', 'N891SP', 'N9642F', 'N96FE', 'N995WW', 'RQT10', 'VFR']"
28.wav,C:\xcas-ga-comms-assistant\tartan_data\kbtp\2020\10\10-22-20_audio\28.wav,2020-10-22 18:01:56.097870,2020-10-22 18:16:56.265560,900.16769,False,5076,12,"['FDY234', 'N1452U', 'N2490M', 'N24TS', 'N53226', 'N567ND', 'N727RM', 'N819CM', 'N96FE', 'N995WW', 'RQT10', 'VFR']"
29.wav,C:\xcas-ga-comms-assistant\tartan_data\kbtp\2020\10\10-22-20_audio\29.wav,2020-10-22 18:17:02.859052,2020-10-22 18:32:03.594665,900.735613,False,5359,15,"['JIA5652', 'N1078U', 'N13337', 'N1452U', 'N24TS', 'N425ZZ', 'N567ND', 'N600HJ', 'N63759', 'N665H', 'N6683S', 'N727RM', 'N8893C', 'RPA5596', 'VFR']"
3.wav,C:\xcas-ga-comms-assistant\tartan_data\kbtp\2020\10\10-22-20_audio\3.wav,2020-10-22 11:53:33.138336,2020-10-22 11:57:39.273213,246.134877,False,411,3,"['MLN285', 'N248CG', 'N285DX']"
30.wav,C:\xcas-ga-comms-assistant\tartan_data\kbtp\2020\10\10-22-20_audio\30.wav,2020-10-22 18:32:10.247138,2020-10-22 18:47:11.309557,901.062419,False,6334,16,"['N1078U', 'N13337', 'N306PP', 'N3330J', 'N43488', 'N5687P', 'N600HJ', 'N61398', 'N665H', 'N6683S', 'N688G', 'N727RM', 'N803JA', 'N819CM', 'N8893C', 'RPA5596']"
31.wav,C:\xcas-ga-comms-assistant\tartan_data\kbtp\2020\10\10-22-20_audio\31.wav,2020-10-22 18:47:17.896738,2020-10-22 19:02:18.337762,900.441024,False,7038,18,"['FDY155', 'N1078U', 'N13337', 'N2313K', 'N3072E', 'N3330J', 'N43488', 'N53226', 'N554NG', 'N56987', 'N600HJ', 'N61398', 'N647NK', 'N6683S', 'N819CM', 'N824DM', 'N89549', 'NKS656']"
32.wav,C:\xcas-ga-comms-assistant\tartan_data\kbtp\2020\10\10-22-20_audio\32.wav,2020-10-22 19:02:24.845746,2020-10-22 19:17:25.635161,900.789415,False,12560,26,"['FDY235', 'FDY5011', 'LXJ351', 'N2313K', 'N3072E', 'N326DS', 'N332RM', 'N3330J', 'N351FX', 'N43488', 'N474LF', 'N53226', 'N5356Y', 'N5687P', 'N56987', 'N5968W', 'N600HJ', 'N64297', 'N6683S', 'N819CM', 'N8412R', 'N87AG', 'N89549', 'N92141', 'N953LW', 'N9642F']"
33.wav,C:\xcas-ga-comms-assistant\tartan_data\kbtp\2020\10\10-22-20_audio\33.wav,2020-10-22 19:17:32.300844,2020-10-22 19:32:32.622053,900.321209,False,11344,31,"['ASA412', 'FDY235', 'FDY5011', 'N18287', 'N191ND', 'N219TM', 'N306PP', 'N3072E', 'N326DS', 'N3330J', 'N33BB', 'N425ZZ', 'N53226', 'N532AS', 'N5356Y', 'N5687P', 'N56987', 'N5960W', 'N636RW', 'N64297', 'N6683S', 'N819CM', 'N81PA', 'N87AG', 'N8893C', 'N89549', 'N92141', 'N932SP', 'N9539B', 'RPA3586', 'VFR']"
34.wav,C:\xcas-ga-comms-assistant\tartan_data\kbtp\2020\10\10-22-20_audio\34.wav,2020-10-22 19:32:39.229179,2020-10-22 19:47:39.548207,900.319028,False,6707,19,"['ASA412', 'FDY5011', 'N1452U', 'N18287', 'N191ND', 'N3330J', 'N33BB', 'N425ZZ', 'N46BW', 'N5356Y', 'N5960W', 'N819CM', 'N81PA', 'N87AG', 'N8893C', 'N932SP', 'PING89E3', 'SWA2482', 'VFR']"
35.wav,C:\xcas-ga-comms-assistant\tartan_data\kbtp\2020\10\10-22-20_audio\35.wav,2020-10-22 19:47:46.042772,2020-10-22 19:54:19.618333,393.575561,False,1974,7,"['FDY5011', 'N1452U', 'N819CM', 'N87AG', 'N932SP', 'PING89E3', 'SWA2482']"
36.wav,C:\xcas-ga-comms-assistant\tartan_data\kbtp\2020\10\10-22-20_audio\36.wav,2020-10-22 19:55:44.805765,2020-10-22 20:04:32.959515,528.15375,False,1047,3,"['N6108V', 'N819CM', 'N87AG']"
37.wav,C:\xcas-ga-comms-assistant\tartan_data\kbtp\2020\10\10-22-20_audio\37.wav,2020-10-22 20:05:48.538399,2020-10-22 20:18:53.002636,784.464237,False,5373,20,"['AAL9783', 'EJA772', 'FDY335', 'JBU1685', 'N256ST', 'N339JB', 'N41548', 'N43488', 'N54BH', 'N56987', 'N600HJ', 'N647NK', 'N667AW', 'N772QS', 'N803JA', 'N87AG', 'N8893C', 'N92141', 'RPA5596', 'SKW5698']"
38.wav,C:\xcas-ga-comms-assistant\tartan_data\kbtp\2020\10\10-22-20_audio\38.wav,2020-10-22 20:19:23.353054,2020-10-22 20:34:23.818580,900.465526,False,4823,18,"['AAL1551', 'EJA420', 'N1078U', 'N1851J', 'N2485D', 'N24TS', 'N256ST', 'N41548', 'N420QS', 'N43488', 'N53226', 'N5356Y', 'N54BH', 'N56987', 'N620UX', 'N776XF', 'N92141', 'SKW5698']"
39.wav,C:\xcas-ga-comms-assistant\tartan_data\kbtp\2020\10\10-22-20_audio\39.wav,2020-10-22 20:34:30.618847,2020-10-22 20:49:30.792985,900.174138,False,6679,17,"['AAL1551', 'EJA618', 'N191ND', 'N2485D', 'N24TS', 'N41548', 'N43488', 'N53226', 'N5356Y', 'N54BH', 'N56987', 'N618QS', 'N8275D', 'N8580Z', 'N8991J', 'N92141', 'PITT60']"
40.wav,C:\xcas-ga-comms-assistant\tartan_data\kbtp\2020\10\10-22-20_audio\40.wav,2020-10-22 20:49:37.575964,2020-10-22 21:04:38.262222,900.686258,False,7745,21,"['CAP3733', 'FDY301', 'MLN285', 'N1078U', 'N13337', 'N191ND', 'N2485D', 'N24TS', 'N2669X', 'N285DX', 'N43488', 'N53226', 'N54BH', 'N5687P', 'N8275D', 'N847UA', 'N8991J', 'N92141', 'N932SP', 'PITT60', 'UAL591']"
41.wav,C:\xcas-ga-comms-assistant\tartan_data\kbtp\2020\10\10-22-20_audio\41.wav,2020-10-22 21:04:45.001188,2020-10-22 21:19:45.675161,900.673973,False,6913,22,"['CAP3733', 'FDY301', 'N1078U', 'N216JQ', 'N2485D', 'N24TS', 'N2669X', 'N4740F', 'N474LF', 'N53226', 'N5687P', 'N600HJ', 'N62104', 'N6421J', 'N656CP', 'N8275D', 'N856ST', 'N860JJ', 'N8991J', 'N915ME', 'N923NK', 'RPA5798']"
42.wav,C:\xcas-ga-comms-assistant\tartan_data\kbtp\2020\10\10-22-20_audio\42.wav,2020-10-22 21:19:52.288095,2020-10-22 21:34:52.630064,900.341969,False,4554,16,"['CAP3733', 'EJA145', 'N13337', 'N145QS', 'N24TS', 'N420QS', 'N4740F', 'N474LF', 'N536ME', 'N5687P', 'N62104', 'N688G', 'N797CS', 'N8991J', 'N923NK', 'NKS334']"
43.wav,C:\xcas-ga-comms-assistant\tartan_data\kbtp\2020\10\10-22-20_audio\43.wav,2020-10-22 21:34:59.376727,2020-10-22 21:49:59.755864,900.379137,False,4649,18,"['CAP3733', 'EDV4852', 'EJA145', 'JBU1686', 'N13337', 'N1452U', 'N20274', 'N2669X', 'N339JB', 'N41548', 'N420QS', 'N520ME', 'N53226', 'N5687P', 'N5968W', 'N6359J', 'N819CM', 'N8991J']"
44.wav,C:\xcas-ga-comms-assistant\tartan_data\kbtp\2020\10\10-22-20_audio\44.wav,2020-10-22 21:50:06.566266,2020-10-22 22:05:07.563458,900.997192,False,4914,13,"['N1452U', 'N20274', 'N2669X', 'N41548', 'N474LF', 'N53226', 'N6359J', 'N6421J', 'N819CM', 'N824DM', 'N92141', 'PITT60', 'RVJ824']"
45.wav,C:\xcas-ga-comms-assistant\tartan_data\kbtp\2020\10\10-22-20_audio\45.wav,2020-10-22 22:05:14.203432,2020-10-22 22:20:14.231955,900.028523,False,3834,17,"['N1078U', 'N1452U', 'N203JQ', 'N4130S', 'N41548', 'N474LF', 'N567ND', 'N620UX', 'N6359J', 'N6421J', 'N688G', 'N819CM', 'N92141', 'N995WW', 'PITT60', 'RPA5597', 'SKW5786']"
46.wav,C:\xcas-ga-comms-assistant\tartan_data\kbtp\2020\10\10-22-20_audio\46.wav,2020-10-22 22:20:21.076256,2020-10-22 22:25:33.733282,312.657026,False,1244,9,"['N1078U', 'N2669X', 'N41548', 'N4740F', 'N6421J', 'N676LF', 'N819CM', 'N92141', 'N995WW']"
47.wav,C:\xcas-ga-comms-assistant\tartan_data\kbtp\2020\10\10-22-20_audio\47.wav,2020-10-22 22:26:52.725180,2020-10-22 22:33:48.345322,415.620142,False,1479,6,"['N2669X', 'N4740F', 'N6421J', 'N676LF', 'N819CM', 'N92141']"
48.wav,C:\xcas-ga-comms-assistant\tartan_data\kbtp\2020\10\10-22-20_audio\48.wav,2020-10-22 22:39:54.771049,2020-10-22 22:54:54.834543,900.063494,False,4312,13,"['AAL2856', 'N1078U', 'N2669X', 'N479ST', 'N53226', 'N6421J', 'N811ME', 'N92141', 'N923NK', 'N995WW', 'NKS333', 'PITT60', 'UAL476']"
49.wav,C:\xcas-ga-comms-assistant\tartan_data\kbtp\2020\10\10-22-20_audio\49.wav,2020-10-22 22:55:01.536305,2020-10-22 22:56:37.681260,96.144955,False,157,2,"['N1078U', 'N811ME']"
51.wav,C:\xcas-ga-comms-assistant\tartan_data\kbtp\2020\10\10-22-20_audio\51.wav,2020-10-22 23:19:14.785862,2020-10-22 23:30:21.969268,667.183406,False,1675,7,"['DPJ617', 'FDY336', 'MLN717', 'N246PK', 'N617MW', 'N62104', 'N717DX']"
52.wav,C:\xcas-ga-comms-assistant\tartan_data\kbtp\2020\10\10-22-20_audio\52.wav,2020-10-22 23:30:51.833628,2020-10-22 23:45:52.514051,900.680423,False,3031,12,"['FDY238', 'FDY338', 'N13337', 'N205JQ', 'N230FR', 'N246PK', 'N474LF', 'N62104', 'N947FE', 'N9642F', 'RPA5632', 'WIG7464']"
53.wav,C:\xcas-ga-comms-assistant\tartan_data\kbtp\2020\10\10-22-20_audio\53.wav,2020-10-22 23:45:59.329475,2020-10-22 23:54:12.709638,493.380163,False,1356,7,"['FDY238', 'N13337', 'N474LF', 'N62104', 'N9642F', 'RPA5632', 'WIG7464']"
56.wav,C:\xcas-ga-comms-assistant\tartan_data\kbtp\2020\10\10-22-20_audio\56.wav,2020-10-23 00:48:49.946707,2020-10-23 00:50:28.736246,98.789539,False,0,0,[]
57.wav,C:\xcas-ga-comms-assistant\tartan_data\kbtp\2020\10\10-22-20_audio\57.wav,2020-10-23 01:05:19.297528,2020-10-23 01:13:14.730161,475.432633,False,0,0,[]
58.wav,C:\xcas-ga-comms-assistant\tartan_data\kbtp\2020\10\10-22-20_audio\58.wav,2020-10-23 01:23:34.268033,2020-10-23 01:28:35.958102,301.690069,False,0,0,[]
59.wav,C:\xcas-ga-comms-assistant\tartan_data\kbtp\2020\10\10-22-20_audio\59.wav,2020-10-23 02:06:33.445591,2020-10-23 02:14:57.748465,504.302874,False,0,0,[]
6.wav,C:\xcas-ga-comms-assistant\tartan_data\kbtp\2020\10\10-22-20_audio\6.wav,2020-10-22 12:58:01.066552,2020-10-22 13:13:01.949057,900.882505,False,1403,6,"['LXJ421', 'N13337', 'N40WV', 'N421FX', 'N6683S', 'UAL2089']"
60.wav,C:\xcas-ga-comms-assistant\tartan_data\kbtp\2020\10\10-22-20_audio\60.wav,2020-10-23 02:15:55.469827,2020-10-23 02:25:15.766566,560.296739,False,0,0,[]
61.wav,C:\xcas-ga-comms-assistant\tartan_data\kbtp\2020\10\10-22-20_audio\61.wav,2020-10-23 02:26:28.173142,2020-10-23 02:38:55.341183,747.168041,False,0,0,[]
7.wav,C:\xcas-ga-comms-assistant\tartan_data\kbtp\2020\10\10-22-20_audio\7.wav,2020-10-22 13:13:08.461548,2020-10-22 13:28:08.726309,900.264761,False,1371,5,"['FDY277', 'LXJ421', 'N53226', 'N6683S', 'N932SP']"
8.wav,C:\xcas-ga-comms-assistant\tartan_data\kbtp\2020\10\10-22-20_audio\8.wav,2020-10-22 13:28:15.272248,2020-10-22 13:43:15.616793,900.344545,False,2764,7,"['AAL745', 'FDY333', 'N13337', 'N53226', 'N600AL', 'N6683S', 'N6886D']"
9.wav,C:\xcas-ga-comms-assistant\tartan_data\kbtp\2020\10\10-22-20_audio\9.wav,2020-10-22 13:43:22.344765,2020-10-22 13:46:42.263779,199.919014,False,629,4,"['N13337', 'N600AL', 'N6683S', 'N6886D']"
